{"cameraMode":{"drawMode":0,"name":"Shaded","section":"Shading Mode"},"sceneLighting":false,"audioPlay":false,"sceneViewState":{"m_AlwaysRefresh":false,"showFog":false,"showSkybox":false,"showFlares":false,"showImageEffects":false,"showParticleSystems":false,"showVisualEffectGraphs":true,"m_FxEnabled":true},"in2DMode":false,"pivot":{"x":-0.00016045570373535156,"y":0.8289444446563721,"z":-0.001564815640449524},"rotation":{"x":-0.1257181316614151,"y":0.3840430974960327,"z":-0.0528697595000267,"w":-0.913189172744751},"size":1.3339685201644898,"orthographic":false}